nom_centre;adresse;code_postal;ville;site_web_inscription;latitude;longitude
LEO LAGRANGE FORMATION - AMBÉRIEUX EN BUGEY;"14 Rue Marius Berliet , 01500 , AMBÉRIEUX EN BUGEY";01500;Ambérieux-en-Bugey;https://francais.cci-paris-idf.fr/inscription-candidat/contact/1088/23;45.968871;5.342275
FRATE FORMATION CONSEIL - BOURG-EN-BRESSE;"9 rue Colonel Arnaud Beltrame, 01000, BOURG-EN-BRESSE";01000;Bourg-en-Bresse;https://francais.cci-paris-idf.fr/inscription-candidat/contact/436;46.21266;5.23931
FRATE FORMATION - MONTLUEL;"630 rue des Valets, 01120, MONTLUEL";01120;Montluel;https://francais.cci-paris-idf.fr/inscription-candidat/contact/1097;45.845744;5.057744
AEFTI SAVOIRS ET COMPÉTENCES;"73 Grande rue, 02400, CHATEAU-THIERRY";02400;Chateau-Thierry;https://francais.cci-paris-idf.fr/inscription-candidat/contact/1012/23;49.045819;3.399278
CFP02;16 rue Roger Salengro;02000;Laon;https://cfp02.info/;50.62946;3.099471
GRETA Aisne;17 Rue Henri Hertz;02100;Saint-Quentin;https://monavenirpro-hdf.fr/notre-reseau/greta-aisne/;47.419809;0.687777
ZD ACADEMY;"5 bis rue de la Gare, 02200, Soissons";02200;Soissons;https://francais.cci-paris-idf.fr/inscription-candidat/contact/1072;49.367706;3.335228
IFI 03 - ECOLE DE LA DEUXIÈME CHANCE DE L'ALLIER;11 route de Paris;03000;Avermes;http://www.e2c-allier.fr;50.098524;1.84138
CCI ALLIER;"31, quai Louis Blanc";03100;Montluçon;http://www.cci-formation-allier.com;46.345497;2.599845
FRATE FORMATION CONSEIL - VICHY;"2-4 rue de Paris, Passage des Commerces, 03206, VICHY";03206;Vichy;https://francais.cci-paris-idf.fr/inscription-candidat/contact/449;46.125678;3.423723
CAVILAM - ALLIANCE FRANÇAISE;"Service des examens 1, avenue des Célestins";03200;Vichy;http://www.cavilam.com;46.11992;3.425392
PROVENCE LINGUA;"13bis Place de l’Hôtel de Ville, 04100, MANOSQUE";04100;Manosque;https://francais.cci-paris-idf.fr/inscription-candidat/contact/662;43.833475;5.782563
CIBC ALPES PROVENCE;264 Rue Berthelot;04100;Manosque;http://www.cpe-cfa.fr;43.823457;5.79657
KANGOUROU PROVENCE GAP;"Micropolis Quartier Belle Aureille, 05000, GAP";05000;Gap;https://francais.cci-paris-idf.fr/inscription-candidat/contact/603;44.53506;6.052878
CPE CFA;"Immeuble le Neptune, 3e étage 140 Boulevard Georges Pompidou";05000;Gap;http://www.cpe-cfa.fr;44.555704;6.077904
LANGUAZUR;"22 boulevard de la République, 06400, CANNES";06400;Cannes;https://francais.cci-paris-idf.fr/inscription-candidat/contact/928;43.554661;7.025072
ASSOCIATION REFLETS;"4, place Sainte Luce Le Lafayette";06800;Cagnes-sur-Mer;http://www.reflets.asso.fr;44.406416;0.705915
INTERNATIONAL HOUSE CENTRE DE LANGUE RIVIERA;"27 rue Rossini, 06000, NICE";06000;Nice;https://francais.cci-paris-idf.fr/inscription-candidat/contact/584/23;43.700237;7.262427
KANGOUROU PROVENCE;"7 rue de Dijon, 06000, Nice";06000;Nice;https://francais.cci-paris-idf.fr/inscription-candidat/contact/865/23;43.706949;7.262772
ALLIANCE FRANÇAISE CÔTE D'AZUR;"2, rue de Paris";06000;Nice;http://www.af-nice.fr;49.889347;2.289973
LES ATELIERS FL-ESLF;3 rue Alfred Mortier;06000;Nice;https://sejour.fl-france.fr/nice/;43.700298;7.276523
LIGUE DE L'ENSEIGNEMENT FOLAM;6 rue Oscar 2;06000;Nice;https://folam.weebly.com/;43.703931;7.255447
EQUIVALENCE LANGUE ET COMMUNICATION;Place Sophie Laffitte;06560;Valbonne;https://www.groupeset.com/;43.615512;7.054762
EFFICIA - AUBENAS;"2 Rue Marc Seguin, 07200, AUBENAS";07200;Aubenas;https://francais.cci-paris-idf.fr/inscription-candidat/contact/994;44.60825;4.390293
INFREP ARDÈCHE;"25, rue des Griottes";07200;Aubenas;http://www.infrep.org;47.493552;3.945887
NOUVELLE DONNE;Hôtel et Pépinière d'entreprises 698 rue de Vidalon;07430;Davézieux;https://www.nouvelle-donne-formation.org/;45.257726;4.686333
FRATE FORMATION CONSEIL - CHARLEVILLE-MÉZIÈRES;"8 rue Jean Baptiste Lefort, 08000, CHARLEVILLE-MÉZIÈRES";08000;Charleville-Mézières;https://francais.cci-paris-idf.fr/inscription-candidat/contact/1063;49.741349;4.72938
LA RONDE DES DÉCOUVERTES 08;"19, avenue de Montcy Notre-Dame";08000;Charleville-Mézières;http://www.rdd08.fr;49.774085;4.738383
API FORMATION;"10, rue Jean-Baptiste Lefort Z.A. du Val de Vence";08000;Charleville-Mézières;https://api-vt.com/apiformation/;49.740929;4.729592
LEO LAGRANGE FORMATION;"4, Cours Irénée CROS, 09000, Foix";09000;Foix;https://francais.cci-paris-idf.fr/inscription-candidat/contact/848/23;42.966752;1.609072
LEO LAGRANGE FORMATION;"41 Rue Jean Jaurès, 09300, LAVELANET";09300;Lavelanet;https://francais.cci-paris-idf.fr/inscription-candidat/contact/1028;42.9312;1.846024
LEO LAGRANGE FORMATION;"48 Av. de la Rijol, 09100, PAMIERS";09100;Pamiers;https://francais.cci-paris-idf.fr/inscription-candidat/contact/1029;43.128236;1.621819
LEO LAGRANGE FORMATION;"Maison de la Citoyenneté - 16 rue de la République, 09200, SAINT GIRONS";09200;Saint Girons;https://francais.cci-paris-idf.fr/inscription-candidat/contact/1030;42.985165;1.144874
FRATE FORMATION CONSEIL - TROYES;"28 rue Coulommières, 10000, TROYES";10000;Troyes;https://francais.cci-paris-idf.fr/inscription-candidat/contact/447;48.299175;4.063242
Y SCHOOLS - GROUPE ADPS;"217, avenue Pierre Brossolette";10000;Troyes;http://www.pfep.yschools.fr;48.283727;4.078757
LEO LAGRANGE FORMATION;"170, Rue Jean Melliès, 11000, CARCASSONNE";11000;Carcassonne;https://francais.cci-paris-idf.fr/inscription-candidat/contact/1034/23;43.206029;2.315962
LEO LAGRANGE FORMATION;"Hôtel du Canal - 88 Avenue Arnaut Vidal, 11400, CASTELNAUDARY";11400;Castelnaudary;https://francais.cci-paris-idf.fr/inscription-candidat/contact/1033;43.314775;1.949912
GRETA - CFA DE L'AUDE ET DES PYRÉNÉES ORIENTALES;"Site de Carcassonne Salvaza 750, rue Antoine Durand";11000;Carcassonne;https://digital.maforpro-occitanie.fr/;43.210238;2.303169
GRETA-CFA DE L'AUDE ET DES PYRÉNÉES-ORIENTALES;"Lycée Germaine Tillon 1, avenue du campus Jean Durant";11400;Castelnaudary;https://maforpro-occitanie.fr/greta-cfa/votre-greta-cfa/greta-cfa-des-pyrenees-orientales;43.304411;1.943346
LEO LAGRANGE FORMATION;"Batiment B Espace soleil, 2 route de Gruissan, 11100, NARBONNE";11100;Narbonne;https://francais.cci-paris-idf.fr/inscription-candidat/contact/1035;43.161524;3.047209
"ASSOCIATION ""CHEZ MOTS PASSANTS""";"Maison des Services 1, avenue de la Naïade";11100;Narbonne;http://www.chezmotspassants.fr;43.185409;2.979154
LEO LAGRANGE FORMATION;"Pépinière et Hotel d'entreprises Parc régional d'activité économique Charles Cros RD 118, 11300, PIEUSSE";11300;Pieusse;https://francais.cci-paris-idf.fr/inscription-candidat/contact/1036;48.403469;6.825691
EFFICIA - MILLAU;"32 avenue de la République, 12100, MILLAU";12100;Millau;https://francais.cci-paris-idf.fr/inscription-candidat/contact/995;44.103057;3.076782
GRETA MIDI-PYRÉNÉES NORD;38 boulevard de l'Ayrolle;12100;Millau;https://maforpro-occitanie.fr/;44.096325;3.076504
CAMPUS XIIe AVENUE;"5 rue de Bruxelles, 12000, RODEZ";12000;Rodez;https://francais.cci-paris-idf.fr/inscription-candidat/contact/260;44.359002;2.557955
GRETA MIDI-PYRÉNÉES NORD;5 avenue du Maréchal Joffre;12000;Rodez;http://www.maforpro.ac-toulouse.fr;48.955172;2.241941
ELFE - ÉVRY COURCOURONNES;"155 Rue Paul Langevin, 13290, AIX-EN-PROVENCE";13290;Aix-en-Provence;https://francais.cci-paris-idf.fr/inscription-candidat/contact/1070;43.479928;5.372757
IS - INSTITUT INTERNATIONAL DE LANGUE;"30, avenue des Ecoles Militaires";13100;Aix-en-Provence;http://www.is-aix.com;43.527374;6.499723
ALLIANCE FRANÇAISE PROVENCE;47 boulevard de la République;13100;Aix-en-Provence;http://www.afaixmarseille.org;43.555478;7.024469
CENTRE SOCIAL LA FARANDOLE;Rue de la Poutre;13800;Istres;http://languesfarandole.wordpress.com;43.505307;4.989155
WORLD TRADE CENTER MARSEILLE PROVENCE;"2 rue Henri Barbusse, 13001, MARSEILLE";13001;Marseille;https://francais.cci-paris-idf.fr/inscription-candidat/contact/744/23;43.298401;5.374286
COGNITION FORMATION;"52 La Canebière 13001, 13014, MARSEILLE";13014;Marseille;https://francais.cci-paris-idf.fr/inscription-candidat/contact/939/23;43.296901;5.379568
KANGOUROU PROVENCE;"7 rue Gaston de Flotte, 13012, Marseille";13012;Marseille;https://francais.cci-paris-idf.fr/inscription-candidat/contact/901/23;43.295912;5.423662
SUD FORMATION;3 rue Jean Eugène Paillas Cœur Capelette Iot 18 Bât D;13010;Marseille;https://sudformation13.fr/;43.278024;5.405837
ALLIANCE FRANÇAISE PROVENCE;72-74 rue Saint-Suffren;13006;Marseille;http://www.afaixmarseille.org;43.287709;5.379563
ATOUT LANGUES SUD;9 rue Dragon;13006;Marseille;https://www.courslangueetrangere.com/;43.288473;5.38151
MOVE UP FORMATION - CAEN;"26 Avenue de Thiès, 14000, CAEN";14000;Caen;https://francais.cci-paris-idf.fr/inscription-candidat/contact/985;49.198856;-0.36164
ECOLE DES PARENTS ET DES ÉDUCATEURS DU CALVADOS - EPE;24 avenue de la 1ère Armée Française;14000;Caen;https://www.epe14.fr;44.856181;-0.656901
OSENGO;"5, rue du Coq Vert";15000;Aurillac;http://www.aformac.fr;44.920119;2.438424
FRATE FORMATION CONSEIL - SAINT-FLOUR;"5 Avenue de Besserette, 15100, SAINT- FLOUR";15100;Saint-Flour;https://francais.cci-paris-idf.fr/inscription-candidat/contact/1016;45.036265;3.081002
LIGUE DE L’ENSEIGNEMENT NOUVELLE AQUITAINE;23 rue de Paris;16000;Angoulême;http://www.irfrep.org;49.888242;2.289667
GRETA POITOU-CHARENTES;"86, rue de Bel Air CS";10703;La Rochelle;http://www.greta-poitou-charentes.fr;46.957161;2.94011
INLINGUA;3 Rue Alfred Kastler;17000;La Rochelle;http://www.inlingua17.fr;47.28197;-1.518503
CENTRE AUDIOVISUEL DE ROYAN POUR L'ETUDE DES LANGUES;"48, boulevard Franck Lamy Place Jean-Noel de Lipkowski";17200;Royan;http://www.carel.org;45.691435;-1.053185
FRATE FORMATION - BOURGES;"Association Tivoli Initiative, 18000, BOURGES";18000;Bourges;https://francais.cci-paris-idf.fr/inscription-candidat/contact/1003;47.123187;2.407767
IMEP - INSTITUT COMMUNAUTAIRE D'EDUCATION PERMANENTE;"7, rue Marest - Bât. Salle d'Armes Campus Lahitolle";18000;Bourges;http://imep.bourgesplus.fr;47.078858;2.416143
APPRENDRE LE FRANÇAIS;26 Place Vaillant Couturier;18100;Vierzon;https://www.facebook.com/ALF.18100;47.223372;2.07073
ZD ACADEMY;"152 avenue jean Jaurès, 19100, Brive La Gaillarde";19100;Brive-la-Gaillarde;https://francais.cci-paris-idf.fr/inscription-candidat/contact/1073;45.154653;1.530236
FEL;4 avenue du 4 Juillet 1774;19100;Brive-la-Gaillarde;http://www.groupe-fel.fr;45.158044;1.479082
KANGOUROU PROVENCE;"Place Miot, boulevard Albert 1er, 20000, Ajaccio";20000;Ajaccio;https://francais.cci-paris-idf.fr/inscription-candidat/contact/1008/23;41.911044;8.721375
MOVE UP FORMATION - BASTIA;"6 Route de ville, 20200, BASTIA";20200;Bastia;https://francais.cci-paris-idf.fr/inscription-candidat/contact/1076;42.704562;9.449657
LIGUE DE L'ENSEIGNEMENT DE COTE D'OR;"10 rue Camille Flammarion, 21000, DIJON";21000;Dijon;https://francais.cci-paris-idf.fr/inscription-candidat/contact/836;47.331411;5.061915
FRATE FORMATION CONSEIL - DIJON;"17 rue des Corroyeurs, 21000, DIJON";21000;Dijon;https://francais.cci-paris-idf.fr/inscription-candidat/contact/439;47.316027;5.03309
INSTITUT DE TOURAINE - IEFT;"Ligue de l'Enseignement BFC, 20 rue de l'Egalité,, 21000, Dijon";21000;Dijon;https://francais.cci-paris-idf.fr/inscription-candidat/contact/807;47.328252;5.031845
CESAM - CONCILIER L’ECONOMIQUE ET LE SOCIAL;3 rue Jean XXIII;21000;Dijon;http://www.cesamformation.org;-20.940545;55.520096
IFPA;11 boulevard Rembrandt;21000;Dijon;https://ifpa-formation.com/;47.349223;5.047118
MOVE UP FORMATION - SAINT-BRIEUC;"6 Boulevard Clemenceau, 22000 , SAINT-BRIEUC";22000;Saint-Brieuc;https://francais.cci-paris-idf.fr/inscription-candidat/contact/1065/23;48.510029;-2.759742
CLPS L'ENJEU COMPÉTENCES;3 rue Jules Vallès;22000;Saint-Brieuc;http://www.clps.net;45.770235;4.86418
LEO LAGRANGE FORMATION - BERGERAC;"15 rue Neuve d’Argenson, 24100, BERGERAC";24100;Bergerac;https://francais.cci-paris-idf.fr/inscription-candidat/contact/1108/23;44.849445;0.484596
INFREP;"1, rue Littré";24000;Périgueux;https://www.infrep.org/;47.216115;-1.579721
FRATE FORMATION CONSEIL - BESANÇON;"83 rue de Dole , 25000, BESANÇON";25000;Besançon;https://francais.cci-paris-idf.fr/inscription-candidat/contact/433;47.229598;5.99143
CLA - UNIVERSITÉ MARIE ET LOUIS PASTEUR - U33250-01;"Pôle scolarité 6, rue Gabriel Plançon";25000;Besançon;http://cla.univ-fcomte.fr/;47.234477;6.015209
FRATE FORMATION CONSEIL - MONTBÉLIARD;"37 avenue des alliés , 25200, MONTBÉLIARD";25200;Montbéliard;https://francais.cci-paris-idf.fr/inscription-candidat/contact/451;47.512103;6.799449
GRETA - CFA HAUTE-SAÔNE & NORD FRANCHE-COMTÉ;"NUMERICA - Bâtiment A 1, cours Louis Leprince-Ringuet";25200;Montbéliard;https://greta-franche-comte.fr;47.495974;6.805894
ELO LES LANGUES DE LA CCI DE LA DRÔME;"50 bis, cours Emilie du Châtelet BP";15353;Alixan;https://www.drome.cci.fr/nos-formations;44.99189;4.980677
LA VOIX FRANÇAISE;"4 rue Maurice Sibille, 26200, MONTÉLIMAR";26200;Montélimar;https://francais.cci-paris-idf.fr/inscription-candidat/contact/1111/23;44.524317;4.742831
INFREP DROME;4 Avenue Gaston Vernier;26200;Montélimar;http://www.infrep.org;44.573446;4.738987
LEO LAGRANGE FORMATION - VALENCE;"1 passage de l'argonne, 26000, VALENCE";26000;Valence;https://francais.cci-paris-idf.fr/inscription-candidat/contact/472/23;44.93417;4.897456
ALFA -  ASSOCIATION LOCALE POUR LA FORMATION ET L’ADAPTATION SOCIOPROFESSIONNELLE;Campus de l'espace 1 Avenue Hubert Curien;27200;Vernon;https://association-alfa.com;49.108181;1.499039
ÉDUCATION ET FORMATION - ÉVREUX;"63 rue de Rome, 27000, ÉVREUX";27000;Évreux;https://francais.cci-paris-idf.fr/inscription-candidat/contact/769/23;49.030489;1.185426
LEO LAGRANGE FORMATION - DREUX;"58 rue du Château d'eau, 28300, CHARTRES MAINVILLIERS";28300;Chartres Mainvilliers;https://francais.cci-paris-idf.fr/inscription-candidat/contact/1052/23;48.451006;1.446782
LEO LAGRANGE FORMATION - DREUX;"37 rue Gambetta, 28200, CHATEAUDUN";28200;Chateaudun;https://francais.cci-paris-idf.fr/inscription-candidat/contact/1053;48.069025;1.33115
CRIA 28;"Ancienne nne, salles 1 et 2, rue d'Aboville, allée du général Martial Valin";28000;Chartres;http://www.cria28.com;48.837949;2.270263
CRIA 28;"Centre Toufaire 3, passage des Francs-Tireurs de Cannes";28200;Châteaudun;http://www.cria28.com;48.070776;1.327343
LEO LAGRANGE FORMATION - DREUX;"LEO LAGRANGE FORMATION , 28100, DREUX";28100;Dreux;https://francais.cci-paris-idf.fr/inscription-candidat/contact/1049;48.72615;1.370687
CRIA 28;"Centre St Jean 17, rue St Jean";28100;Dreux;http://www.cria28.com;43.609936;2.239424
LEO LAGRANGE FORMATION - BREST;"82 Avenue Montaigne , 29200, BREST";29200;Brest;https://francais.cci-paris-idf.fr/inscription-candidat/contact/1048/23;48.40459;-4.47913
CLPS L'ENJEU COMPÉTENCES;4 rue Ferdinand de Lesseps BP;42317;Brest;http://www.clps.net;48.103767;-1.708319
IBEP - MORLAIX;"310, Rue Caroline Aigle, 29600, MORLAIX";29600;Morlaix;https://francais.cci-paris-idf.fr/inscription-candidat/contact/1100/23;48.595782;-3.816644
LEO LAGRANGE FORMATION - BREST;"Espace associatif - 1 Allée Monseigneur Jean René Calloc'h, 29000, QIMPER";29000;Qimper;https://francais.cci-paris-idf.fr/inscription-candidat/contact/1050;47.982855;-4.078864
CEL DU CFTMI;Centre d'étude de langues 145 avenue de Kéradennec;29000;Quimper;https://test-civique.fr/inscription;47.972815;-4.085493
GRETA-CFA DE CORSE DU SUD (Site Bonaparte);Lycée Laetitia Bonaparte - CS;20845;Ajaccio;https://2a.gretacfa.corsica/inscription-tests-et-certifications-en-francais/;46.949218;4.297669
GRETA-CFA DE CORSE DU SUD (Site Finosello);LP FINOSELLO- Avenue Maréchal Lyautey;20090;Ajaccio;https://2a.gretacfa.corsica/nouvelles-formations-fle/;43.716438;7.283074
GRETA DE HAUTE-CORSE;Lycée Paul Vincensini - Avenue de la 4ème DMM - Cité Technique de Montesoro;20600;Bastia;http://www.gretacfa.corsica;42.669919;9.441206
ASSOCIATION OPRA A LECCIA;Route Royale;20600;Bastia;http://www.opra.corsica;42.678189;9.43405
FLE'CONNEXION;"26, place des Martyrs de la Résistance";30100;Alès;http://www.fle-connexion.com;43.531287;5.447581
EFFICIA;"11T, rue Salomon Reinach, 30000, NIMES";30000;Nimes;https://francais.cci-paris-idf.fr/inscription-candidat/contact/403/23;43.833314;4.378629
LEO LAGRANGE FORMATION;"Forum Ville Active, 32 Rue Robert Mallet Stevens Bâtiment A, 30900, NIMES";30900;Nimes;https://francais.cci-paris-idf.fr/inscription-candidat/contact/1126;43.812905;4.348725
INFREP;188 allée de l'Amérique latine;30900;Nîmes;https://www.infrep.org/;43.820979;4.363604
GRETA-CFA GARD-LOZERE;Immeuble Innovation 3 442 rue George Besse - 2e étage;30000;Nîmes;https://www.greta-gard.com;43.81963;4.368653
EPLEFPA;CFPPA 50 route de Grazac;31190;Auterive;https://citesciencesvertes.educagri.fr/;43.34156;1.475875
CREPT FORMATION;"130 rue Henri Desbals, 31100, TOULOUSE";31100;Toulouse;https://francais.cci-paris-idf.fr/inscription-candidat/contact/831/23;43.580568;1.412925
LEO LAGRANGE FORMATION;"13 RUE MICHEL LABROUSSE, 31100, TOULOUSE";31100;Toulouse;https://francais.cci-paris-idf.fr/inscription-candidat/contact/482/23;43.568451;1.386421
LEO LAGRANGE FORMATION;"70 Boulevard Matabiau, 31000, TOULOUSE";31000;Toulouse;https://francais.cci-paris-idf.fr/inscription-candidat/contact/1093;43.615874;1.43835
KANGOUROU PROVENCE;"2 Rue Raymond Lizop - Immeuble ""Les Imaginations Fertiles"", 31100, Toulouse";31100;Toulouse;https://francais.cci-paris-idf.fr/inscription-candidat/contact/866/23;43.567259;1.398521
AMS GRAND SUD;70 boulevard Matabiau;31000;Toulouse;http://www.ams-grandsud.com;43.615874;1.43835
ALLIANCE FRANÇAISE;"Bâtiment Maison des Associations 3, bis place Guy Hersant";31400;Toulouse;http://www.alliance-toulouse.org;43.577366;1.444192
LANGUE ONZE;10 rue des arts;31000;Toulouse;http://www.langueonze.com;50.686485;3.168821
LEO LAGRANGE FORMATION;"1 allée Lagarrasic, 32000, Auch";32000;Auch;https://francais.cci-paris-idf.fr/inscription-candidat/contact/847/23;43.642007;0.585789
ASSOCIATION NATIF;13 boulevard Roquelaure;32000;Auch;http://www.natif.fr;43.649897;0.58534
LEO LAGRANGE FORMATION;"16 rue Jean Jaurès, 32100, CONDOM";32100;Condom;https://francais.cci-paris-idf.fr/inscription-candidat/contact/1040;43.955869;0.37243
LEO LAGRANGE FORMATION;"22 Rue Jean Jaurès, 32600, L’ISLE JOURDAIN";32600;L’isle Jourdain;https://francais.cci-paris-idf.fr/inscription-candidat/contact/1041;43.614672;1.09055
NEWDEAL INSTITUT BORDEAUX;"2 Parvis Gattebourse, 33800, BORDEAUX";33800;Bordeaux;https://francais.cci-paris-idf.fr/inscription-candidat/contact/637;44.820341;-0.546333
ALLIANCE FRANÇAISE;126 rue Abbé de l'Epée;33000;Bordeaux;http://www.alliance-bordeaux.org;44.845334;-0.583874
INFREP GIRONDE;110 rue Achard Bâtiment C;33300;Bordeaux;https://www.infrep.org/agences/infrep-gironde/;45.978217;4.726115
CLAP SUD-OUEST;"13 - 15 allée du Colonel Fabien - LORMONT, 33110, LORMONT";33110;Lormont;https://francais.cci-paris-idf.fr/inscription-candidat/contact/1121;44.876317;-0.520119
POLYLANGUES - CERGY;"8 rue du Courant, 33310, LORMONT";33310;Lormont;https://francais.cci-paris-idf.fr/inscription-candidat/contact/815;44.881049;-0.514502
CITÉ DES LANGUES ÉTRANGÈRES DE L'UNIVERSITÉ BORDEAUX MONTAIGNE;Avenue du Dr Paul Fournial;33600;Pessac;https://www.u-bordeaux-montaigne.fr/fr/formations/cleff-cite-des-langues.html;44.793889;-0.617951
LEO LAGRANGE FORMATION;"2 Rue du Saphir - Bâtiment G, 34300, AGDE";34300;Agde;https://francais.cci-paris-idf.fr/inscription-candidat/contact/1019;43.299985;3.475381
LEO LAGRANGE FORMATION;"5/7 Rue Joseph Fabre, 34500, BEZIERS";34500;Beziers;https://francais.cci-paris-idf.fr/inscription-candidat/contact/1020/23;43.349842;3.233263
CENTRE HOBSON;"6, rue Pierre Flourens";34500;Béziers;http://www.centre-hobson.com;43.343161;3.212176
LSF MONTPELLIER FRENCH LANGUAGE SCHOOL;"6 rue Foch, 34000, MONTPELLIER";34000;Montpellier;https://francais.cci-paris-idf.fr/inscription-candidat/contact/619;43.610974;3.87299
INFREP;"4, rue Rondelet";34000;Montpellier;http://www.infrep.org;48.846528;2.385642
ALLIANCE FRANÇAISE;17 rue Marceau;34000;Montpellier;http://www.afmontpellier.fr;43.585977;1.452912
GRETA;"717, avenue Jean Mermoz";34060;Montpellier;https://www.gretacfa-montpellier.fr/;43.610748;3.89033
LEO LAGRANGE FORMATION;"220 avenue du Marechal Juin, 34200, SETE";34200;Sete;https://francais.cci-paris-idf.fr/inscription-candidat/contact/1021;43.40692;3.70373
GRETA CFA;38 rue Robespierre;34200;Sète;https://www.gretacfa-montpellier.fr/;48.41148;-4.49095
MOVE UP FORMATION - RENNES;"107 Avenue Henri Fréville, 35200, RENNES";35200;Rennes;https://francais.cci-paris-idf.fr/inscription-candidat/contact/1064/23;48.086204;-1.673962
CLPS L'ENJEU COMPÉTENCES;"8, rue Jean Le Hô";35000;Rennes;https://www.clps.net/formation/passage-de-lexamen-tcf/;48.104833;-1.723409
ALLIANCE FRANÇAISE;8 boulevard Villebois Mareuil;35400;Saint-Malo;https://af-france.fr/alliance/saint-malo-bretagne/;48.109247;-1.655197
AF-CRIA;La ligue de l'Enseignement 23 bd de la Valla;36000;Châteauroux;https://test-civique.fr/inscription;42.683192;2.817274
CLE;"44 RUE BERNARD PALISSY, 37000, TOURS";37000;Tours;https://francais.cci-paris-idf.fr/inscription-candidat/contact/782/23;47.392508;0.693616
INSTITUT DE TOURAINE - IEFT;"1 rue de la Grandière, 37020, TOURS CEDEX 1";37020;Tours Cedex 1;https://francais.cci-paris-idf.fr/inscription-candidat/contact/490;47.391465;0.683604
TOURS LANGUES;36 rue Briçonnet;37000;Tours;http://www.langues.com;47.394637;0.681486
AFFIC CRIA 37;"3, place Raspail";37000;Tours;http://www.cria37.com;45.75553;4.840634
GRETA NORD ISÈRE;"33, avenue d'Italie Le Transalpin II CS";94002;Bourgoin-Jallieu;http://gretani.com/;45.412413;-1.141726
THE PLACE DEBY;"2 rue de Sault, 38000, GRENOBLE";38000;Grenoble;https://francais.cci-paris-idf.fr/inscription-candidat/contact/941;45.189709;5.72633
LEO LAGRANGE FORMATION - ÉCHIROLLES;"11 Rue Clément Ader, 38130, ÉCHIROLLES";38130;Échirolles;https://francais.cci-paris-idf.fr/inscription-candidat/contact/469/23;45.136098;5.713852
COOPILOTE;"17 chemin du Defois, 39100, DOLE";39100;Dole;https://francais.cci-paris-idf.fr/inscription-candidat/contact/379/23;47.106207;5.497391
FRATE FORMATION CONSEIL - LONS-LE-SAUNIER;"11 avenue Thurel, 39000, LONS-LE-SAUNIER";39000;Lons-le-Saunier;https://francais.cci-paris-idf.fr/inscription-candidat/contact/431;46.672895;5.552652
INFREP;8 rue Marcel David;40000;Mont-de-Marsan;http://www.infrep.org;47.702025;-0.061626
MOVE UP FORMATION - BLOIS;"16 Rue de la Vallée Maillard, 41000, BLOIS";41000;Blois;https://francais.cci-paris-idf.fr/inscription-candidat/contact/1077/23;47.610257;1.33323
CRIA 41;18 rue Roland Dorgelès;41000;Blois;http://www.cria41.org;49.527955;0.109779
LÉO LAGRANGE FORMATION;1 rue Marcelin Girinon;42160;Andrézieux;http://www.ifra.fr;45.524248;4.255672
LEO LAGRANGE FORMATION - ROANNE;"25 rue Benoit Malon, 42300, ROANNE";42300;Roanne;https://francais.cci-paris-idf.fr/inscription-candidat/contact/1023/23;46.034321;4.070016
LEO LAGRANGE FORMATION - SAINT-CHAMOND;"59 rue Maurice Bonnevialle, 42400, SAINT-CHAMOND";42400;Saint-Chamond;https://francais.cci-paris-idf.fr/inscription-candidat/contact/471/23;45.470103;4.509317
CEFI;6 allée Giacomo Puccini;42000;Saint-Etienne;http://www.cefi-formation.fr;45.471573;4.395076
FRATE FORMATION CONSEIL - LE PUY-EN-VELAY;"16 rue des Moulins , 43000, LE PUY-EN-VELAY";43000;Le Puy-en-Velay;https://francais.cci-paris-idf.fr/inscription-candidat/contact/441;45.038341;3.884967
GRETA AUVERGNE AGENCE 43;27 boulevard du président Bertrand;43000;Le Puy-en-Velay;https://greta.ac-clermont.fr/nos-greta/greta-auvergne-agence-43/;45.03596;3.885075
LEO LAGRANGE FORMATION - BREST;"Habitat des jeunes du Pays d'Ancenis - 85 boulevard Huchon, 44150, ANCENIS-SAINT-GEREON";44150;Ancenis-Saint-Gereon;https://francais.cci-paris-idf.fr/inscription-candidat/contact/1051/23;47.366415;-1.18358
CFP PRESQU'ÎLE - CARQUEFOU;"Centre Commercial La Jalousie - Route de Paris, 44470, CARQUEFOU";44470;Carquefou;https://francais.cci-paris-idf.fr/inscription-candidat/contact/350;47.259658;-1.501851
CEFOL MANAGEMENT;"3 RUE BAYARD, 44100, NANTES";44100;Nantes;https://francais.cci-paris-idf.fr/inscription-candidat/contact/991/23;47.210799;-1.571279
ESPACES FORMATION;1 rue de la Petite Reine;44187;Nantes;http://www.espaces-formation.com;47.216072;-1.59957
INSTITUT FONELIA;Passage de la Poule noire;44000;Nantes;https://fonelia.fr/;45.440388;4.309195
CFP PRESQU'ÎLE - NANTES;"1 rue Victor Hugo, 44400, REZÉ";44400;Rezé;https://francais.cci-paris-idf.fr/inscription-candidat/contact/352;47.188854;-1.551664
CFP PRESQU'ÎLE - SAINT-NAZAIRE;"6 rue Étoile du matin, 44600, SAINT-NAZAIRE";44600;Saint-Nazaire;https://francais.cci-paris-idf.fr/inscription-candidat/contact/353;47.259627;-2.269752
CEFOL MANAGEMENT;101 avenue de la République;44600;Saint-Nazaire;https://www.cefolmanagement.fr/;48.863526;2.384525
AGAFOR;"Centre Nelson Mandela 31, avenue Chautemps";45200;Montargis;http://www.agafor.net;48.00716;2.746387
LEO LAGRANGE FORMATION - ORLÉANS;"2B RUE ALAIN, 45100, ORLÉANS";45100;Orléans;https://francais.cci-paris-idf.fr/inscription-candidat/contact/1027/23;47.831237;1.931437
ESPACE C2B - CRIA 45;"3, rue Edouard Branly";45100;Orléans;http://www.cria45.com;49.631809;-1.641448
ABSOLUTE MJ SOLUTIONS;1 boulevard de Chateaudun MBE;45000;Orléans;http://www.amjsolutions.com;47.906412;1.890077
LEO LAGRANGE FORMATION;"75 Rue Saint-Géry, 46000, CAHORS";46000;Cahors;https://francais.cci-paris-idf.fr/inscription-candidat/contact/1037/23;44.444703;1.440394
OSENGO;111 boulevard GAMBETTA;46000;Cahors;https://osengo.fr/;43.706729;7.255981
LEO LAGRANGE FORMATION;"Maison de la Formation - 6 Avenue Bernard Fontanges, 46100, FIGEAC";46100;Figeac;https://francais.cci-paris-idf.fr/inscription-candidat/contact/1038;44.609128;2.021814
LEO LAGRANGE FORMATION;"Hôtel les Ambassadeurs - 21 Avenue du Général De Gaulle, 46200, SOUILLAC";46200;Souillac;https://francais.cci-paris-idf.fr/inscription-candidat/contact/1039;44.898053;1.477004
LEO LAGRANGE FORMATION - BERGERAC;"1615 rue de la Gare, 47550, AGEN BOE";47550;Agen Boe;https://francais.cci-paris-idf.fr/inscription-candidat/contact/1109/23;44.175068;0.659536
PURPLE CAMPUS - MENDE;"10, rue Albert Einstein, 48000, MENDE";48000;Mende;https://francais.cci-paris-idf.fr/inscription-candidat/contact/1066/23;44.528631;3.468466
TOUT AU LONG DE LA VIE;"29 rue Bougère, 49000, ANGERS";49000;Angers;https://francais.cci-paris-idf.fr/inscription-candidat/contact/929;47.462481;-0.558233
INFREP;5 Square de la Belle Etoile;49000;Angers;https://www.infrep.org/agences/angers/;47.449536;-0.555947
CIDEF;3 place André Leroy BP;10808;Angers;http://www.cidef.uco.fr;47.464357;-0.548296
AFODIL;"15 avenue du Président Kennedy, 49300, CHOLET";49300;Cholet;https://francais.cci-paris-idf.fr/inscription-candidat/contact/21/23;47.046114;-0.892316
CORYLUS FORMATIONS;"1 rue Sévigné, 49400, SAUMUR";49400;Saumur;https://francais.cci-paris-idf.fr/inscription-candidat/contact/380;47.253985;-0.075407
ALLIANCE FRANÇAISE DE NORMANDIE - ROUEN;"26 rue des Moulins, 50100, CHERBOURG-EN-COTENTIN";50100;Cherbourg-en-Cotentin;https://francais.cci-paris-idf.fr/inscription-candidat/contact/1086;49.64167;-1.622976
CENTRE SOCIAL MARCEL MERSIER;"45, avenue des Tilleuls";50000;Saint-Lô;http://epe14.fr;48.727963;2.237041
AEFTI MARNE;"Complexe Gérard Philippe Bât A, entée 3, 1ere étage 19 avenue du Général Sarrail";51000;Châlons-en-Champagne;http://aefti51.com;48.845923;2.256277
HESIO CONSEIL;"14, Allée René Fonck, 51100, REIMS";51100;Reims;https://francais.cci-paris-idf.fr/inscription-candidat/contact/760/23;49.235003;4.068402
FRATE FORMATION CONSEIL - REIMS;"14 rue Edouard Mignot, 51100, REIMS";51100;Reims;https://francais.cci-paris-idf.fr/inscription-candidat/contact/839;49.259975;4.021607
AEFTI MARNE;48 rue Prieur de la Marne;51100;Reims;http://aefti51.com;49.264866;4.050232
GROUPE AFPAM FORMATION;"4, rue Jules Méline";51430;Reims-Bezannes;http://www.afpam-formation.fr;47.255166;-1.517542
FRATE FORMATION - CHAUMONT;"49 Rue Levy Alphandery, 52000, CHAUMONT";52000;Chaumont;https://francais.cci-paris-idf.fr/inscription-candidat/contact/437;48.105269;5.135601
POINFOR;48 rue de la Chavoie Brottes;52000;Chaumont;http://www.poinfor.org;48.083232;5.137461
MONDIA-LANGUES INSTITUT;62 Rue de Vaufleury;53000;Laval;http://www.mondia-langues.fr;48.064735;-0.778411
INTERNATIONAL HOUSE - NANCY COEUR D'EUROPE;"15 RUE STE CATHERINE , 54100, NANCY";54100;Nancy;https://francais.cci-paris-idf.fr/inscription-candidat/contact/585/23;48.704127;6.155906
GIP FORMATION - CEL;28 rue de Saurupt BP 3039;54012;Nancy;http://www.cel-gip.fr;48.679849;6.184571
HÉSIO CONSEIL;15 Rue Sainte Catherine;54000;Nancy;http://www.hesio.fr;50.639536;3.056173
IBEP - LORIENT;"24 Rue du gaillec, 56100, LORIENT";56100;Lorient;https://francais.cci-paris-idf.fr/inscription-candidat/contact/1061/23;47.761872;-3.397699
UNIVERSITÉ DE BRETAGNE SUD;"4, rue Jean Zay";56100;Lorient;http://www.univ-ubs.fr/clubs;51.021274;2.337466
IBEP - LORIENT;"14 Avenue Napoléon 1er, 56300, PONTIVY";56300;Pontivy;https://francais.cci-paris-idf.fr/inscription-candidat/contact/1071;48.064881;-2.964874
IBEP FORMATION - VANNES;"11 RUE COUSTEAU, 56860, SENE";56860;Sene;https://francais.cci-paris-idf.fr/inscription-candidat/contact/927/23;47.649873;-2.723372
CLPS L'ENJEU COMPÉTENCES;3 rue Pierre et Marie Curie Parc innovation Bretagne Sud II;56000;Vannes;http://www.clps.net;47.520079;-2.646647
UNIVERSITÉ BRETAGNE SUD;Centre de Langues de l'UBS Campus Vannes Rue André Lwoff;56017;Vannes;http://www.univ-ubs.fr/clubs;47.645556;-2.746167
GIP CEL;Lycée Polyvalent Blaise Pascal 5 rue Paul Ney;57600;Forbach;https://dafpic.ac-nancy-metz.fr/dafpic/site_cel/index.php/qui-sommes-nous/le-cel/;49.180981;6.896225
METZ FRENCHPRO;"9 RUE GRAHAM BELL, 57070, METZ";57070;Metz;https://francais.cci-paris-idf.fr/inscription-candidat/contact/626/23;49.105432;6.220719
CEL - GIP  - MAISON DU FLE;Maison du FLE 3 rue du Limousin Bâtiment 3;57070;Metz;http://www.greta-lorraine.com;43.441747;5.254611
HÉSIO CONSEIL;Espace Carrefour 6 rue Marchant;57000;Metz;http://www.hesio.fr;49.433245;1.016232
FRENCHPRO;9 Rue Graham Bell;57070;Metz;https://metzfrenchpro.com/;49.105432;6.220719
GIP CEL;Lycée La Briquerie 15 route de La Briquerie;57100;Thionville;https://dafco.ac-nancy-metz.fr/dafco/site_caec/wordpress/;49.36455;6.158631
FÉDÉRATION DES OEUVRES LAÏQUES DE LA NIÈVRE;"7 rue du Commandant Rivière, 58000, NEVERS";58000;Nevers;https://francais.cci-paris-idf.fr/inscription-candidat/contact/419;46.990486;3.171032
FRATE FORMATION CONSEIL - NEVERS;"43 Boulevard du Pré Plantin, 58000, NEVERS";58000;Nevers;https://francais.cci-paris-idf.fr/inscription-candidat/contact/883;46.986194;3.123415
GRETA 58;"9, boulevard Saint-Exupéry";58000;Nevers;http://www.bourgogne.greta.fr;47.003971;3.157812
NOFI FORMATION;"22 Rue Albert 1er, 59140 Dunkerque, 59140, DUNKERQUE";59140;Dunkerque;https://francais.cci-paris-idf.fr/inscription-candidat/contact/1059/23;51.03066;2.376263
INSTITUT LANGUES ET SAVOIRS - ISPA LILLE;"177 rue Nationale, 59000, LILLE";59000;Lille;https://francais.cci-paris-idf.fr/inscription-candidat/contact/996;50.625935;3.042352
LIL'LANGUES;"36 place Cormontaigne, 59000, LILLE";59000;Lille;https://francais.cci-paris-idf.fr/inscription-candidat/contact/616;50.625934;3.039709
E2LF - ECOLE LILLOISE DE LANGUE FRANÇAISE;"32, place de la Gare";59000;Lille;http://www.e2lf.fr;49.175738;-0.347877
INNOVATION DÉVELOPPEMENT FORMATION;La Joyeuse Rue du 145ème RI;59600;Maubeuge;http://www.id-formation.com/;50.278987;3.978061
NOFI FORMATION;"20 rue Sébastopol, 59100, ROUBAIX";59100;Roubaix;https://francais.cci-paris-idf.fr/inscription-candidat/contact/1075/23;50.689277;3.170699
EMPLOI SERVICES FORMATION (ESF_ARRAS);"66 rue Clos des Villas, 59300, VALENCIENNES";59300;Valenciennes;https://francais.cci-paris-idf.fr/inscription-candidat/contact/1055/23;50.354657;3.512976
LAHO FORMATION - BEAUVAIS;"18 Rue d'Allonne, 60000, BEAUVAIS";60000;Beauvais;https://francais.cci-paris-idf.fr/inscription-candidat/contact/834;49.417964;2.105459
FLEAD;25 rue Maurice Segonds;60000;Beauvais;http://www.flead.fr;49.421133;2.075232
CONSENSO FORMATION;"1 rue Georges Gouigoux, 60200, COMPIÈGNE";60200;Compiègne;https://francais.cci-paris-idf.fr/inscription-candidat/contact/378;49.412784;2.828289
AEFTI SAVOIRS ET COMPÉTENCES;"9 rue de Marl, 60100, CREIL";60100;Creil;https://francais.cci-paris-idf.fr/inscription-candidat/contact/1010;49.25993;2.475941
ESPACE LANGUES ET FORMATIONS;49 bis rue de Paris;60200;Compiègne;https://www.languesetformations.fr;48.716543;2.247187
ELFE - CHAMPIGNY-SUR-MARNE;"110 avenue de l'Europe, 60180, Nogent sur Oise";60180;Nogent-sur-Oise;https://francais.cci-paris-idf.fr/inscription-candidat/contact/875;49.270192;2.481736
LA BOÎTE AUX LETTRES;56 rue Odolant Desnos;61000;Alençon;https://laboiteauxlettres-asso.fr/;48.432807;0.098624
INFREP;"16, rue Jaques Durmeyer";61100;Flers;http://www.infrep.org;48.744656;-0.575786
EMPLOI SERVICES FORMATION (ESF_ARRAS);"168 avenue Kennedy, 62000, ARRAS";62000;Arras;https://francais.cci-paris-idf.fr/inscription-candidat/contact/998/23;50.287226;2.747263
AEFTI SAVOIRS ET COMPÉTENCES;"23 rue du dépôt, 62000, ARRAS";62000;Arras;https://francais.cci-paris-idf.fr/inscription-candidat/contact/1011;50.282237;2.77673
AFP2I;2 rue Gustave Eiffel BP;20233;Arras;https://www.afp2i.fr;43.604509;1.4116
LANGUES ET CULTURES;34 Grande Rue;62200;Boulogne-sur-Mer;http://www.bmlc.fr;50.692123;3.176771
GRETA GRAND LITTORAL;SEMAFOR' CALAIS 320 boulevard du 8 mai;62100;Calais;http://www.greta.grand-littoral.fr;50.955216;1.839202
LAHO FORMATION - LENS;"56 rue jean Létienne, 62300, LENS";62300;Lens;https://francais.cci-paris-idf.fr/inscription-candidat/contact/669/23;50.427724;2.826774
GRETA AUVERGNE;48 avenue de la Résistance;63600;Ambert;http://greta.ac-clermont.fr;48.860614;2.437312
FRATE FORMATION CONSEIL - CLERMONT-FERRAND;"8 rue Pablo Picasso, 63000, CLERMONT-FERRAND";63000;Clermont-Ferrand;https://francais.cci-paris-idf.fr/inscription-candidat/contact/438;45.765327;3.111146
ZD ACADEMY;"82 avenue de Charras, 63000, Clermont-Ferrand";63000;Clermont-Ferrand;https://francais.cci-paris-idf.fr/inscription-candidat/contact/882;45.779217;3.099495
FORMATION INSERTION TRAVAIL;"64, rue Lamartine";63000;Clermont-Ferrand;http://www.fit-formation.fr/;47.391879;0.669615
OSENGO;"35, rue du Pré la Reine";63100;Clermont-Ferrand;http://www.osengo.fr;45.784397;3.114979
KENNEDY FORMATIONS - BMA BIARRITZ;"42 Avenue Kennedy, 64200, BIARRITZ";64200;Biarritz;https://francais.cci-paris-idf.fr/inscription-candidat/contact/607;43.472002;-1.555619
MOVE UP FORMATION - PAU;"4 Allée Catherine de Bourbon, 64445, PAU";64445;Pau;https://francais.cci-paris-idf.fr/inscription-candidat/contact/1078/23;43.320486;-0.359953
INFREP;67 avenue du Loup;64000;Pau;https://www.infrep.org/;43.313841;-0.35582
LEO LAGRANGE FORMATION;"La demi-lune 6 462 route de Toulouse, 65300, LANNEMEZAN";65300;Lannemezan;https://francais.cci-paris-idf.fr/inscription-candidat/contact/1045;43.119468;0.410194
LEO LAGRANGE FORMATION;"Le club des six - 19 Avenue Général Baron Maransin, 65100, LOURDES";65100;Lourdes;https://francais.cci-paris-idf.fr/inscription-candidat/contact/1044;43.09724;-0.045592
LEO LAGRANGE FORMATION;"2 avenue Bertrand Barrère, 65000, TARBES";65000;Tarbes;https://francais.cci-paris-idf.fr/inscription-candidat/contact/849/23;43.233972;0.073052
PURPLE CAMPUS - TARBES;"78 avenue d'Azereix, 65000, TARBES";65000;Tarbes;https://francais.cci-paris-idf.fr/inscription-candidat/contact/752/23;43.223665;0.050462
LEO LAGRANGE FORMATION;"98 Prom. de la Côte Vermeille, 66140, CANET EN ROUSSILLON";66140;Canet-en-Roussillon;https://francais.cci-paris-idf.fr/inscription-candidat/contact/1032;42.686975;3.034531
LEO LAGRANGE FORMATION;"158 Avenue Guynemer, 66000, PERPIGNAN";66000;Perpignan;https://francais.cci-paris-idf.fr/inscription-candidat/contact/1031/23;42.687569;2.907938
UNIVERSITÉ UPVD - CUEF - U33066-01;52 avenue Paul Alduy;66860;Perpignan;http://www.cuef.fr;42.683426;2.901649
ALFMED;21 bis avenue du Général de Gaulle;66000;Perpignan;https://perpignan.alfmed.com/;42.697178;2.882803
GRETA - CFA DE L'AUDE ET DES PO - SITE BLUM;"Lycée Léon BLUM 15, rue Paul Alduy";66100;Perpignan;https://maforpro-occitanie.fr/;42.677732;2.905518
GRETA - CFA DE L'AUDE ET DES PO - SITE PICASSO;Lycée Pablo Picasso Rue Charles Blanc BP;11092;Perpignan Cedex;https://www.maforpro-occitanie.fr;46.838521;-1.867567
CENTRE SOCIOCULTUREL DU LANGENSAND;"2, rue de l'Eglise Saint-Joseph";67500;Haguenau;http://www.langensand-csc.com;49.641032;-1.601269
FORMALSACE;"16 AVENUE DE L'EUROPE BAT SXB1, 67300, SCHILTIGHEIM";67300;Schiltigheim;https://francais.cci-paris-idf.fr/inscription-candidat/contact/968;48.61303;7.712325
STRAFORMATION;"21, rue d'Oslo, 67000, STRASBOURG";67000;Strasbourg;https://francais.cci-paris-idf.fr/inscription-candidat/contact/1127/23;48.578734;7.773471
CECI Formation;"202 Avenue de Colmar, 67100, STRASBOURG";67100;Strasbourg;https://francais.cci-paris-idf.fr/inscription-candidat/contact/282/23;48.557614;7.747697
RETRAVAILLER DANS L'EST;"11 rue Jacob Mayer, 67200, STRASBOURG";67200;Strasbourg;https://francais.cci-paris-idf.fr/inscription-candidat/contact/1083/23;48.590899;7.718952
FRATE FORMATION CONSEIL - STRASBOURG;"31 rue Maréchal Lefebvre, 67100, STRASBOURG";67100;Strasbourg;https://francais.cci-paris-idf.fr/inscription-candidat/contact/446;48.561249;7.741578
INSTITUT STRALANG;16 rue Jean-Henri Schnitzler;67000;Strasbourg;http://www.stralang.com;48.580133;7.776328
ALLIANCE FRANÇAISE - 061007-02;"12, rue des Pontonniers";67000;Strasbourg;http://www.afstrasbourg.eu;48.584294;7.75712
C-FIL STRASBOURG;"20 Rue d'Agen, 68000, COLMAR";68000;Colmar;https://francais.cci-paris-idf.fr/inscription-candidat/contact/415/23;48.08607;7.354443
CENTRE D'ÉTUDES DE LANGUES;"CCI CAMPUS ALSACE 4, rue du Rhin";68000;Colmar;https://www.ccicampus.fr/;48.885008;2.38106
LINGUAPHONE ALSACE;"4 rue Fredo Krumnov, 68200, MULHOUSE";68200;Mulhouse;https://francais.cci-paris-idf.fr/inscription-candidat/contact/617;47.746552;7.298605
FRATE FORMATION CONSEIL - MULHOUSE;"20 rue de Chemnitz, 68200, MULHOUSE";68200;Mulhouse;https://francais.cci-paris-idf.fr/inscription-candidat/contact/445;47.747282;7.297616
KEDI FORMATION;25 Allée Gluck;68200;Mulhouse;https://www.kedi-formation.fr/;47.754864;7.319783
CEFI;"11, rue Alsace Lorraine";69500;Bron;http://www.cefi-formation.fr;48.38215;-4.52015
CEFI;3 rue Marcel Paul;69700;Givors;http://www.cefi-formation.fr;49.871428;2.333793
Lyon Exam by Inflexyon;"48 rue Quivogne, 69002, LYON";69002;Lyon;https://francais.cci-paris-idf.fr/inscription-candidat/contact/477;45.742562;4.822887
ALLIANCE FRANÇAISE;"11, rue Pierre Bourdan";69003;Lyon;http://www.aflyon.org;48.846894;2.391362
BLEU INTERNATIONAL;82 rue Duguesclin;69006;Lyon;http://lyon-bleu.com/;45.770196;4.846974
LEO LAGRANGE FORMATION - VAULX-EN-VELIN;"15 rue Emile Zola, 69120, VAULX-EN-VELIN";69120;Vaulx-en-Velin;https://francais.cci-paris-idf.fr/inscription-candidat/contact/473/23;45.777777;4.918044
EFI RHÔNES ALPES;"8 bis Impasse marcel cerdan, 69100, VILLEURBANNE";69100;Villeurbanne;https://francais.cci-paris-idf.fr/inscription-candidat/contact/1018;45.766129;4.903708
LÉO LAGRANGE FORMATION;1 place Faubert;69400;Villefranche-sur-Saône;http://www.ifra.fr;45.990713;4.721727
FC2E.RH;"33, bis rue de Montgolfier";69100;Villeurbanne;https://www.fc2eformation.com;50.430884;2.78708
POINFOR;"42, boulevard Charles De Gaulle";70000;Vesoul;http://www.poinfor.org/;48.910069;2.235411
LEO LAGRANGE FORMATION - CHALON-SUR-SAÔNE;"1 avenue de Verdun, 71100, CHALON-SUR-SAONE";71100;Chalon-sur-Saone;https://francais.cci-paris-idf.fr/inscription-candidat/contact/467/23;46.777071;4.853614
GRETA 71 SUD BOURGOGNE;"141, avenue Boucicaut BP";50099;Chalon-sur-Saône;http://www.bourgogne.greta.fr;46.788525;4.836746
FRATE FORMATION CONSEIL - MONTCEAU-LES-MINES;"16 rue du Docteur Jeannin, 71300, MONTCEAU-LES-MINES";71300;Montceau-les-Mines;https://francais.cci-paris-idf.fr/inscription-candidat/contact/444;46.672236;4.361178
FRATE FORMATION CONSEIL - MÂCON;"19 Place de la Baille, 71000, MÂCON";71000;Mâcon;https://francais.cci-paris-idf.fr/inscription-candidat/contact/442;46.306654;4.832771
IFPA;11 rue du 19 mars 1962;71000;Sancé;https://ifpa-formation.com/;48.814213;2.542909
INFREP SARTHE;20 rue Xavier Bichat;72000;Le Mans;https://www.infrep.org/agences/le-mans-2/;48.020455;0.165403
LÉO LAGRANGE FORMATION;"542, rue Louis Armand";73200;Albertville;https://test-civique.fr/inscription;45.659985;6.372082
LEO LAGRANGE FORMATION - CHAMBÉRY;"1125 Av. de la Boisse, 73011, CHAMBÉRY";73011;Chambéry;https://francais.cci-paris-idf.fr/inscription-candidat/contact/468/23;45.58001;5.912409
FRATE FORMATION CONSEIL - ANNEMASSE;"3 passage Jean Moulin, 74100, ANNEMASSE";74100;Annemasse;https://francais.cci-paris-idf.fr/inscription-candidat/contact/434;46.192574;6.23362
ALLIANCE FRANCAISE;12 boulevard du lycée;74000;Annecy;http://www.alliance-francaise-annecy.com;45.905891;6.128643
SKILLMASTER A;27 rue du château Rouge;74100;Annemasse;https://www.efi-rhonealpes.com/;46.189187;6.236851
FRATE FORMATION CONSEIL - CRAN-GEVRIER ANNECY;"33 route de Chevennes, 74960, CRAN-GEVRIER";74960;Cran-Gevrier;https://francais.cci-paris-idf.fr/inscription-candidat/contact/432;45.904589;6.108677
LÉO LAGRANGE FORMATION;1500 avenue des Glières;74300;Cluses;http://www.ifra.fr;46.075419;6.563128
EMPLOI SERVICES FORMATION (ESF_ PARIS);"65/67 Rue d'Hautpoul , 75019, PARIS";75019;Paris;https://francais.cci-paris-idf.fr/inscription-candidat/contact/933/23;48.88599;2.386651
ASPLEF;"52 boulevard de Magenta, 75010, PARIS";75010;Paris;https://francais.cci-paris-idf.fr/inscription-candidat/contact/248/23;48.873117;2.359152
AVD FORMATION;"8 rue Catulle Mendès, 75017, PARIS";75017;Paris;https://francais.cci-paris-idf.fr/inscription-candidat/contact/251/23;48.886836;2.291287
KANGOUROU - PARIS;"5 rue du Général Clergerie, 75116, PARIS";75116;Paris;https://francais.cci-paris-idf.fr/inscription-candidat/contact/600/23;48.869574;2.282978
ALIP;"27 rue Ginoux, 75015, PARIS";75015;Paris;https://francais.cci-paris-idf.fr/inscription-candidat/contact/24/23;48.847503;2.288716
CCI PARIS REPUBLIQUE;"11, rue Léon Jouhaux, 75010, PARIS";75010;Paris;https://francais.cci-paris-idf.fr/inscription-candidat/contact/779/23;48.869388;2.364829
C-TEC FORMATION CONSEIL;"6bis rue de Chatillon, 75014, PARIS";75014;Paris;https://francais.cci-paris-idf.fr/inscription-candidat/contact/1101/23;48.827367;2.324196
ETOILE INSTITUT DE LANGUE;"38, boulevard Raspail, 75007, PARIS";75007;Paris;https://francais.cci-paris-idf.fr/inscription-candidat/contact/610/23;48.852574;2.326308
INSTITUT ARITAS FORMATION;"86 rue cardinet, 75017, PARIS";75017;Paris;https://francais.cci-paris-idf.fr/inscription-candidat/contact/877/23;48.884458;2.309767
CENTRE PRIVÉ DE LANGUES LSI PARIS;"23 rue du Renard, 75004, PARIS";75004;Paris;https://francais.cci-paris-idf.fr/inscription-candidat/contact/615;48.859232;2.352235
ARCS;"9 rue de Londres , 75009, PARIS";75009;Paris;https://francais.cci-paris-idf.fr/inscription-candidat/contact/954;48.876775;2.329988
ELFE PARIS;"15 rue Montmartre, 75001, PARIS";75001;Paris;https://francais.cci-paris-idf.fr/inscription-candidat/contact/405;48.864429;2.345192
ALLIANCE FRANÇAISE DE PARIS ILE-DE-FRANCE;"101 boulevard Raspail, 75270, PARIS CEDEX 06";75270;Paris Cedex 06;https://francais.cci-paris-idf.fr/inscription-candidat/contact/165;48.84634;2.328547
FARBEE_BY_LEGALUNITE FRANCE;"140/142 boulevard Macdonald, 75019, PORTE DE LA VILLETTE";75019;Porte-de-la Villette;https://francais.cci-paris-idf.fr/inscription-candidat/contact/1056/23;48.89904;2.378877
FORUM ACCORD;"3 bis, rue Jean-Pierre Bloch";75015;Paris;http://www.examensparis.fr;48.853509;2.296213
ACTE;"12, rue Bellot";75019;Paris;http://www.acte-paris.org;48.886151;2.367334
ACADÉMIE EXPERTISE LANGUES - ILE INTERNATIONAL;"241, rue de Bercy";75012;Paris;https://www.ile-international.com/fr/index.php;48.847217;2.368731
ÉDUCATION ET FORMATION - DIEPPE;"88, avenue des Canadiens, 76200, DIEPPE";76200;Dieppe;https://francais.cci-paris-idf.fr/inscription-candidat/contact/1014/23;49.91409;1.074792
ÉDUCATION ET FORMATION -  LE HAVRE;"68, boulevard Jules Durand, 76600, LE HAVRE";76600;Le Havre;https://francais.cci-paris-idf.fr/inscription-candidat/contact/1015/23;49.489483;0.155343
RECIFE;"45, rue d'Iéna";76600;Le Havre;http://www.recife-lh.com/;50.623136;3.050686
ALLIANCE FRANÇAISE DE NORMANDIE;49 rue Jules Lecesne;76620;Le Havre;https://www.afnormandie.org/;49.493664;0.115023
ALLIANCE FRANÇAISE DE NORMANDIE - ROUEN;"80 boulevard de l'Yser, 76000, ROUEN";76000;Rouen;https://francais.cci-paris-idf.fr/inscription-candidat/contact/184;49.447229;1.095867
ÉDUCATION ET FORMATION - ROUEN - LE PETIT-QUEVILLY;"6, place Waldeck Rousseau , 76140, ROUEN/LE PETIT-QUEVILLY";76140;Rouen/le Petit-Quevilly;https://francais.cci-paris-idf.fr/inscription-candidat/contact/770/23;49.424988;1.055424
FRENCH IN NORMANDY;"26 bis, rue Valmont de Bomare";76100;Rouen;http://www.frenchinnormandy.com;49.42003;1.079442
NEXT UP FORMATION;"7 avenue Jacques Cartier, 77600, BUSSY-SAINT-GEORGES";77600;Bussy-Saint-Georges;https://francais.cci-paris-idf.fr/inscription-candidat/contact/638;48.835005;2.70778
NEXTUP FORMATION;"7, avenue Jacques Cartier";77600;Bussy-Saint-Georges;http://bynextup.com;43.575285;7.113679
GROUPE GEFOR;"Chemin de l'Ormois, 77660, CHANGIS";77660;Changis;https://francais.cci-paris-idf.fr/inscription-candidat/contact/1089;48.963509;3.013005
AL BUSINESS ACADEMY;"441 Avenue Marguerite Perey, 77127, LIEUSAINT";77127;Lieusaint;https://francais.cci-paris-idf.fr/inscription-candidat/contact/1026;48.61999;2.562408
RESSOURCES FORMATION;335 rue Bois Guyot;77350;Le Mée-sur-Seine;http://www.ressourcesformation.fr;48.538521;2.623478
POLYLANGUES - CERGY;"5 Bis Place Praslin, 77000, Melun";77000;Melun;https://francais.cci-paris-idf.fr/inscription-candidat/contact/813;48.536855;2.657756
ARCANES FORMATION;"51 Avenue Charles Rouxel, 77340, PONTAULT COMBAULT";77340;Pontault Combault;https://francais.cci-paris-idf.fr/inscription-candidat/contact/1112/23;48.794667;2.60468
INFREP;"4, allée Emile Reynaud";77200;Torcy;http://www.infrep.org;48.833216;2.661496
D.CONSEILS-FORMATIONS;"74 Boulevard Victor Hugo, 78130, LES MUREAUX";78130;Les Mureaux;https://francais.cci-paris-idf.fr/inscription-candidat/contact/772/23;48.9928;1.911211
MRD CONNECT;"7 avenue GAUGUIN, 78120, MANTES LA JOLIE";78120;Mantes-la-Jolie;https://francais.cci-paris-idf.fr/inscription-candidat/contact/997/23;49.002835;1.679572
RESSOURCES FORMATION;"2, rue Charles Edouard Jeanneret Technoparc Immeuble Antares- (rez-de-chaussée)";78300;Poissy;http://www.ressourcesformation.fr;48.948011;2.062741
INSTITUT INTERNATIONAL LANGUES & AFFAIRES;1 rue de Clairefontaine Smartcity campus;78120;Rambouillet;https://www.institut-rambouillet.com;49.201183;-0.347127
SEA TRAINING;"73, boulevard de Bezons, 78500, SARTROUVILLE";78500;Sartrouville;https://francais.cci-paris-idf.fr/inscription-candidat/contact/666/23;48.94241;2.182561
MRD CONNECT;"5, avenue PAVLOV , 78190, TRAPPES";78190;Trappes;https://francais.cci-paris-idf.fr/inscription-candidat/contact/902/23;48.785796;1.975248
LE CAMPUS BY CCI 79;"2 rue Ernest Pérochon, 79000, NIORT";79000;Niort;https://francais.cci-paris-idf.fr/inscription-candidat/contact/1104/23;46.322676;-0.460612
ASFODEP;17 rue Henri Sellier;79000;Niort;http://www.asfodep.fr;48.059618;-0.791045
AEFTI SAVOIRS ET COMPÉTENCES;"5 Place d’Auvergne B.P. 60221, 80002, AMIENS";80002;Amiens;https://francais.cci-paris-idf.fr/inscription-candidat/contact/19;49.905029;2.305531
INSTITUT SUPÉRIEUR DE PROPÉDEUTIQUE D'AMIENS (ISPA);"5 rue des Francs-Mûriers, 80000, AMIENS";80000;Amiens;https://francais.cci-paris-idf.fr/inscription-candidat/contact/581;49.896802;2.299677
UNIVERSITÉ DE PICARDIE JULES VERNE - U33080-01;Maison des Langues - Centre FLE La Citadelle 10 rue des Français Libres;80080;Amiens;http://www.u-picardie.fr;42.776002;2.990668
INSTITUT SUPÉRIEUR DE PROPÉDEUTIQUE - ISPA;5 rue des Francs Mûriers;80000;Amiens;https://www.ispa-langues.com;49.896802;2.299677
PURPLE CAMPUS-ALBI;"6  avenue du Général Hoche, 81000, ALBI";81000;Albi;https://francais.cci-paris-idf.fr/inscription-candidat/contact/663/23;43.944508;2.158202
OSENGO;"3, rue Honoré de Balzac";81000;Albi;https://osengo.fr/;43.619726;1.433283
CREPT FORMATION;"22 rue Mérigonde, 81100, CASTRES";81100;Castres;https://francais.cci-paris-idf.fr/inscription-candidat/contact/1125;43.602343;2.253203
LEO LAGRANGE FORMATION;"16 Rue de la République, 82100, CASTELSARRASIN";82100;Castelsarrasin;https://francais.cci-paris-idf.fr/inscription-candidat/contact/1043;44.039136;1.109262
LEO LAGRANGE FORMATION;"29 Av. Aristide Briand, 82000, MONTAUBAN";82000;Montauban;https://francais.cci-paris-idf.fr/inscription-candidat/contact/1042/23;44.016871;1.341358
FORMASUP 82;"400, avenue André Jorigné Futuropôle";82000;Montauban;http://www.formasup.com;44.03708;1.3843
KANGOUROU PROVENCE;"22 Rue Victor Clappier, 83000, Toulon";83000;Toulon;https://francais.cci-paris-idf.fr/inscription-candidat/contact/825/23;43.126138;5.932056
LA LIGUE DE L'ENSEIGNEMENT - FOL 83 - 330083-02;"Espace Maurice 141, avenue Marcel CASTIE";83000;Toulon;http://www.fol83.laligue.org;43.123327;5.940845
IDEF;40 rue Picot;83000;Toulon;https://idef83.catalogueformpro.com/;43.124994;5.935281
MÉDITERRANÉE FORMATION;"51 rue Alexandre Blanc, 84000, AVIGNON";84000;Avignon;https://francais.cci-paris-idf.fr/inscription-candidat/contact/624/23;43.939568;4.821679
KANGOUROU PROVENCE;"31 Rue Paul Manivet, 84000, Avignon";84000;Avignon;https://francais.cci-paris-idf.fr/inscription-candidat/contact/824/23;43.94335;4.809298
INFREP VAUCLUSE;1300 route de l’Aérodrome;84000;Avignon;http://www.infrep.org/agences/vaucluse/;43.915334;4.891669
CAP FORMATION;"89, avenue Notre Dame de Santé";84200;Carpentras;https://www.cap-formation.com/;44.057795;5.048194
ATC FORMATIONS;"54, rue Carnot";85300;Challans;https://www.atc-formations.fr/;49.641641;-1.601935
CFP PRESQU'ÎLE - LA ROCHE-SUR-YON;"70 rue Chanzy, 85000, LA ROCHE SUR YON";85000;La Roche-sur-Yon;https://francais.cci-paris-idf.fr/inscription-candidat/contact/351;46.672695;-1.431841
SAM'COMPETENCES;37 rue Edouard Branly Bureau n 8;85500;Les Herbiers;https://samcompetences.fr/;43.467874;1.324623
MOVE UP FORMATION - POITIERS;"53 avenue du 8 Mai 1945, 86000, POITIERS";86000;Poitiers;https://francais.cci-paris-idf.fr/inscription-candidat/contact/987/23;46.560982;0.314622
GRETA POITOU-CHARENTES;"Lycée Kyoto 26, avenue de la Fraternité";86000;Poitiers;http://www.greta.poitou-charentes.fr/;46.589817;0.383812
INDIGO FORMATION;144 rue de la Gibauderie;86000;Poitiers;https://www.indigoformation.fr;46.562398;0.372134
MOVE UP FORMATION - LIMOGES;"18 place Winston Churchill, 87000, LIMOGES";87000;Limoges;https://francais.cci-paris-idf.fr/inscription-candidat/contact/986/23;45.832242;1.251072
FEL;52 rue Turgot;87000;Limoges;http://www.groupe-fel.fr;50.733028;3.155652
CEFAL;45 avenue des Coutures;87000;Limoges;https://www.cefal-limoges.fr/;45.835732;1.270537
GIP FORMATION - CEL;GRETA Lorraine Sud 44 rue Abel Ferry;88000;Epinal;https://dafco.ac-nancy-metz.fr/dafco/site_caec/wordpress/;48.166589;6.454797
FRATE FORMATION - SAINT-DIÉ-DES-VOSGES;"7  Rue Laurent Pillard, 88100, SAINT-DIÉ-DES-VOSGES";88100;Saint-Dié-des-Vosges;https://francais.cci-paris-idf.fr/inscription-candidat/contact/1000;48.274988;6.961781
FRATE FORMATION CONSEIL - AUXERRE;"13 rue Jules Ferry, 89000, AUXERRE";89000;Auxerre;https://francais.cci-paris-idf.fr/inscription-candidat/contact/435;47.797042;3.583881
GRETA 89;"44, boulevard Lyautey";89000;Auxerre;https://www.bourgogne-greta.fr;47.791715;3.550368
FRATE FORMATION CONSEIL - JOIGNY;"9 boulevard Lesire Lacam, 89300, JOIGNY";89300;Joigny;https://francais.cci-paris-idf.fr/inscription-candidat/contact/440;47.984259;3.399825
POINFOR;131 Avenue Jean Jaurès;89400;Migennes;http://www.poinfor.org/;49.260835;4.048469
FRATE FORMATION CONSEIL - SENS;"14 rue Auguste Morel, 89100, SENS";89100;Sens;https://francais.cci-paris-idf.fr/inscription-candidat/contact/1096;48.194476;3.282574
FRATE FORMATION CONSEIL - BELFORT;"ATRIA - 1 Avenue de l'espérance, 90000, BELFORT";90000;Belfort;https://francais.cci-paris-idf.fr/inscription-candidat/contact/1062;47.641909;6.861864
INSTITUT POUR LE DÉVELOPPEMENT;"Ecole Raymond Aubert 25, rue de la 1ere Armée Française BP 254";90005;Belfort;http://www.ideeup.org;48.086258;7.357994
GRETA DE L'ESSONNE;"Lycée Geoffroy Saint Hilaire 2-6, av. Geoffroy Saint Hilaire";91150;Etampes;http://www.greta-essonne.fr;49.862828;3.298803
CFP;23 rue des Ateliers;91350;Grigny;http://www.cfp-gps.fr;47.301058;5.023822
POLYLANGUES - CERGY;"23 bis rue Max Dormoy, 91300, Massy";91300;Massy;https://francais.cci-paris-idf.fr/inscription-candidat/contact/812;48.731755;2.274211
HORIZONS 91;"10, chemin du Larris, 91150, ÉTAMPES";91150;Étampes;https://francais.cci-paris-idf.fr/inscription-candidat/contact/878/23;48.445271;2.146933
ELFE - ÉVRY COURCOURONNES;"34 Cours Blaise Pascal, 91000, ÉVRY COURCOURONNES";91000;Évry Courcouronnes;https://francais.cci-paris-idf.fr/inscription-candidat/contact/1069;48.626136;2.430148
FEEL LEARNING;37 Rue Michel Ange;91080;Évry-Courcouronnes;https://www.feel-learning.com/;48.845064;2.261921
VIBRALLYA;"126 Avenue du Général Leclerc , 92100, BOULOGNE-BILLANCOURT";92100;Boulogne-Billancourt;https://francais.cci-paris-idf.fr/inscription-candidat/contact/1128/23;48.829989;2.23058
INFREP;23 bis rue Barthélémy Danjou;92100;Boulogne-Billancourt;http://www.infrep.org;48.833015;2.248421
ACIFE;"44 rue Louveau, 92320, CHÂTILLON";92320;Châtillon;https://francais.cci-paris-idf.fr/inscription-candidat/contact/14/23;48.803165;2.2954
EASY LEARN;"1 rue du 8 mai 1945, 92110, CLICHY-LA-GARENNE";92110;Clichy-la-Garenne;https://francais.cci-paris-idf.fr/inscription-candidat/contact/1085/23;48.897513;2.310366
ASLY FORMATION-COLOMBES;"56 avenue de l'Agent Sarre, 92700, COLOMBES";92700;Colombes;https://francais.cci-paris-idf.fr/inscription-candidat/contact/1080/23;48.924221;2.263674
IFAP;127 rue Jules Guesde;92300;Levallois-Perret;https://ifap.net;50.684552;3.183247
MOVE UP FORMATION - NANTERRE;"5 Boulevard des Bouvets, 92747 , NANTERRE";92747;Nanterre;https://francais.cci-paris-idf.fr/inscription-candidat/contact/1079;48.89772;2.221906
FARBEE_BY_LEGALUNITE FRANCE;"18 Terrasse Bellini, 92800, Puteaux, La Défense";92800;Puteaux;https://francais.cci-paris-idf.fr/inscription-candidat/contact/858/23;48.886899;2.250856
ARCS;"23 rue Buffon, 92500, RUEIL-MALMAISON";92500;Rueil-Malmaison;https://francais.cci-paris-idf.fr/inscription-candidat/contact/1054/23;48.86932;2.210477
ACTION PLURIELLE FORMATION;"1 avenue Antoine Bourdelle, 93600, Aulnay-sous-Bois";93600;Aulnay-sous-Bois;https://francais.cci-paris-idf.fr/inscription-candidat/contact/805;48.929847;2.508871
PLATEFORME DE COMPÉTENCES - BOBIGNY;"27 rue de paris , 93000, BOBIGNY";93000;Bobigny;https://francais.cci-paris-idf.fr/inscription-candidat/contact/1009;48.896435;2.428947
MYSTORY;"3 bis avenue de gagny, 93220, GAGNY";93220;Gagny;https://francais.cci-paris-idf.fr/inscription-candidat/contact/876/23;48.88808;2.523359
FARBEE_BY_LEGALUNITE FRANCE;"53 avenue Jean-Jaurès, 93350, LE BOURGET";93350;Le Bourget;https://francais.cci-paris-idf.fr/inscription-candidat/contact/1057;48.932089;2.42726
LE POLE;"Centre d'examens LE POLE, 65 avenue Jean Mermoz";93120;La Courneuve;http://www.lepole-formation.fr;42.695788;2.909626
L'ÉCOLE DES CUISTOTS MIGRATEURS;"25  RUE DE ROMAINVILLE, 93100, MONTREUIL";93100;Montreuil;https://francais.cci-paris-idf.fr/inscription-candidat/contact/946;48.864824;2.445482
EFAC FORMATION;"17 place du Général De Gaulle, 93100, MONTREUIL";93100;Montreuil;https://francais.cci-paris-idf.fr/inscription-candidat/contact/402;48.868433;2.433045
MOVE UP FORMATION - NOISY-LE-GRAND;"7 porte de Neuilly, 93160, NOISY-LE-GRAND";93160;Noisy-le-Grand;https://francais.cci-paris-idf.fr/inscription-candidat/contact/766/23;48.843034;2.544276
BTL;Centrex / 2 rue de la Butte Verte;93160;Noisy-le-Grand;https://www.btl.fr/;48.842315;2.579557
IFIE;"Tour Essor 14, rue Scandicci, 93500, PANTIN";93500;Pantin;https://francais.cci-paris-idf.fr/inscription-candidat/contact/488/23;48.892039;2.398566
MOVE UP FORMATION - NOISY-LE-GRAND;"153 avenue Jean Lolive, 93500, Pantin";93500;Pantin;https://francais.cci-paris-idf.fr/inscription-candidat/contact/816/23;48.893542;2.413938
ZD ACADEMY;"178 Avenue du Général Leclerc, 93500, Pantin";93500;Pantin;https://francais.cci-paris-idf.fr/inscription-candidat/contact/971;48.901775;2.413844
MYSTORY - ROSNY;"46 Bis Rue d'Estienne d'Orves, 93110, ROSNY";93110;Rosny;https://francais.cci-paris-idf.fr/inscription-candidat/contact/1099/23;48.868871;2.483404
ADPE;"10-12  Avenue du Colonel Rol-Tanguy, 93240, STAINS";93240;Stains;https://francais.cci-paris-idf.fr/inscription-candidat/contact/18;48.957607;2.375264
POLYLANGUES - CERGY;"221, avenue du Président Wilson, 93210 Saint denis, Saint-Denis";93210;Saint denis;https://francais.cci-paris-idf.fr/inscription-candidat/contact/814/23;48.913979;2.357384
MOVE UP FORMATION - NOISY-LE-GRAND;"3 rue Jesse Owens, 93200, Saint-Denis";93200;Saint-Denis;https://francais.cci-paris-idf.fr/inscription-candidat/contact/911/23;48.923326;2.364313
GRETA SEINE-SAINT-DENIS;"Espace Projets Jean Lurçat 2, rue Diderot";93200;Saint-Denis;http://www.forpro-creteil.org/formation/greta/gmte93/;47.988356;0.202666
LÉO LAGRANGE FORMATION ILE DE FRANCE;"8, rue Charles Michels";93200;Saint-Denis;https://www.instep-idf.fr;48.935224;2.343686
ASTROLABE FORMATION - PFD;7 avenue François Coppée;93250;Villemomble;http://www.astrolabeformation-pfd.org;48.887145;2.50475
ALZER;"18 place des Nymphéas, HQ Tropical Centre., 93420, Villepinte";93420;Villepinte;https://francais.cci-paris-idf.fr/inscription-candidat/contact/850/23;48.973858;2.510726
JK-FORMATIONS;7 rue Parmentier;94140;Alfortville;https://www.jk-formation-langues.fr;47.226751;-1.523147
LA TECHNIQUE;"3 AVENUE CHARLES DE GAULLE , 94470, BOISSY - SAINT-LÉGER";94470;Boissy-Saint-Léger;https://francais.cci-paris-idf.fr/inscription-candidat/contact/1046/23;48.753434;2.503211
ELFE - CHAMPIGNY-SUR-MARNE;"98 B Avenue Roger Salengro, 94500, CHAMPIGNY-SUR-MARNE";94500;Champigny-sur-Marne;https://francais.cci-paris-idf.fr/inscription-candidat/contact/764;48.817771;2.493846
LE POLE;1 voie Félix Eboué;94000;Créteil;http://www.lepole-formation.fr;48.798115;2.450783
RESSOURCES FORMATION;"23, rue Raspail";94200;Ivry-sur-Seine;http://www.ressourcesformation.fr;43.594188;1.463107
ZD ACADEMY;"2 boulevard Albert 1er, 94130, NOGENT-SUR-MARNE";94130;Nogent-sur-Marne;https://francais.cci-paris-idf.fr/inscription-candidat/contact/771/23;48.837883;2.493751
ALZER;"Tour Europa - Avenue de l’Europe - 6ème étage, 94320, Thiais";94320;Thiais;https://francais.cci-paris-idf.fr/inscription-candidat/contact/851/23;48.757057;2.36933
AFI - ACTION FORMATION INSERTION;"9 avenue du Marais, 95100, ARGENTEUIL";95100;Argenteuil;https://francais.cci-paris-idf.fr/inscription-candidat/contact/775/23;48.932117;2.23395
ETUDE PLUS ARGENTEUIL;"23, avenue Gabriel Péri";95100;Argenteuil;http://www.etudeplus.org/;48.651664;2.316724
OBJECTIF EMPLOI OUEST;"40, rue de Pontoise";95870;Bezons;https://www.objectif-emploi.net;49.421235;2.086584
POLYLANGUES - CERGY;"12 rue des chauffours , 95000, CERGY";95000;Cergy;https://francais.cci-paris-idf.fr/inscription-candidat/contact/660;49.040973;2.079141
RESSOURCES FORMATION;2 rue du Lendemain code porte 2511- étage 4 Cergy-le-Haut;95800;Cergy-Pontoise;http://www.ressourcesformation.fr;49.048648;2.012574
ABC FORMATION;"3 allée du lavoir, 95130, FRANCONVILLE";95130;Franconville;https://francais.cci-paris-idf.fr/inscription-candidat/contact/1;48.980737;2.230062
ACTION PLURIELLE FORMATION;"43-45 boulevard de la Muette, 95140, GARGES-LÈS-GONESSE";95140;Garges-lès-Gonesse;https://francais.cci-paris-idf.fr/inscription-candidat/contact/16/23;48.976111;2.415087
ACTION PLURIELLE FORMATION;"68, avenue Gaston Vermeire, 95340, Persan";95340;Persan;https://francais.cci-paris-idf.fr/inscription-candidat/contact/894;49.14956;2.27931
ABC FORMATION;"82 Avenue de Verdun, 95310, SAINT-OUEN L'AUMONE";95310;Saint-Ouen L'aumone;https://francais.cci-paris-idf.fr/inscription-candidat/contact/980/23;49.040818;2.104992
FLEAD;3 boulevard Albert Camus;95200;Sarcelles;http://www.flead.fr;47.48703;-0.574203
ASLY FORMATION-MAYOTTE;"53 bd des Amoureux , 97615, DZAOUDZI";97615;Dzaoudzi;https://francais.cci-paris-idf.fr/inscription-candidat/contact/1081/23;-12.786894;45.278969
WORLD EXPERIENCE;"92 Résidence Maimouna, 97139, LES ABYMES";97139;Les Abymes;https://francais.cci-paris-idf.fr/inscription-candidat/contact/743;16.241706;-61.516009
CHAMBRE DE COMMERCE ET D'INDUSTRIE DE MAYOTTE (CCIM);"Place Mariage, Mamoudzou, Mayotte, France, 97600, MAMOUDZOU";97600;Mamoudzou;https://francais.cci-paris-idf.fr/inscription-candidat/contact/1095/23;-12.78061;45.231227
AURAL LOGOS;"950, Avenue Gaston Monnerville  , 97354, RÉMIRE-MONTJOLY";97354;Rémire-Montjoly;https://francais.cci-paris-idf.fr/inscription-candidat/contact/250;4.888635;-52.283985
ALLIANCE FRANÇAISE DE LA RÉUNION;"4 ruelle Tortue, 97400, SAINT-DENIS";97400;Saint-Denis;https://francais.cci-paris-idf.fr/inscription-candidat/contact/893;-20.879717;55.446144
CLOUD COM 97;"Lot  16  Les Jardins de Bellevue , 97150, SAINT-MARTIN - MARIGOT";97150;Saint-Martin-Marigot;https://francais.cci-paris-idf.fr/inscription-candidat/contact/365/23;18.055225;-63.086106
FORE ALTERNANCE;ZI de Jarry Bvd du Marquisat de Houelbourg;97122;Baie-Mahault (Pointe-à-Pitre);http://www.fore.fr;16.242639;-61.557956
CENTRE CASNAV;Route des Abymes Entrée Jardin d'essai bâtiment du CIO et livraisons;97139;Les Abymes;https://pedagogie.ac-guadeloupe.fr/casnav;42.309899;9.147331
FORE MARTINIQUE;Lot les hauts de Californie;97232;Le Lamentin;http://fore.fr;14.621701;-61.032345
ALLIANCE FRANÇAISE - 339730-02;"2, place du Marché";97300;Cayenne;http://www.afcayenne.org/;43.836334;4.359263
EQUINOXE FORMATION;Espace Katoury Rocade de Zephyr;97300;Cayenne;http://www.equinoxe-guyane.com;4.93656;-52.306807
EQUINOXE FORMATION;"24, rue Raymond Cresson";97310;Kourou;http://www.equinoxe-guyane.com/;5.152981;-52.646419
EQUINOXE FORMATION;"02, rue Jeanne Garré";97320;Saint-Laurent-du-Maroni;http://www.equinoxe-guyane.com;5.502998;-54.025499
ASSOCIATION RÉUNIONNAISE D'EDUCATION POPULAIRE;"Espace Tarani, 1er étage - 95 chemin Pente Sassy";97440;Saint-André;http://www.arep.re;-20.963496;55.659538
ASSOCIATION RÉUNIONNAISE D'EDUCATION POPULAIRE;9000 SIDR Front de mer - Bâtiment G;97410;Saint-Pierre;http://www.arep.re;-21.339037;55.461321
(A.C.E.);Espace Coralium BAT A BP 800 Kawéni;97600;Mamoudzou;https://www.facebook.com/ACEformationMayotte/?locale=fr_FR;45.04224;-0.937661
FRATE FORMATION CONSEIL - VALSERHÔNE;"26 rue Joseph Bertola, 1200, VALSERHÔNE";;Valserhône;https://francais.cci-paris-idf.fr/inscription-candidat/contact/448;46.109818;5.824571
