nationalite;naturalisations_2016_2026;rang_national;part_femmes_pct;part_hommes_pct;fiche_pays_url
Maroc;62021;1;46;54;https://france-naturalisation.net/guide/nationalite/maroc
Algérie;55883;2;47;53;https://france-naturalisation.net/guide/nationalite/algerie
Tunisie;27967;3;45;55;https://france-naturalisation.net/guide/nationalite/tunisie
Cameroun;15091;4;59;41;https://france-naturalisation.net/guide/nationalite/cameroun
Sénégal;13360;5;45;55;https://france-naturalisation.net/guide/nationalite/senegal
Côte d'Ivoire;13166;6;54;46;https://france-naturalisation.net/guide/nationalite/cote-ivoire
Royaume-Uni;10249;7;55;45;https://france-naturalisation.net/guide/nationalite/royaume-uni
Roumanie;9762;8;61;39;https://france-naturalisation.net/guide/nationalite/roumanie
Mali;7854;9;40;60;https://france-naturalisation.net/guide/nationalite/mali
Guinée;7027;10;37;63;https://france-naturalisation.net/guide/nationalite/guinee
Liban;6756;11;47;53;https://france-naturalisation.net/guide/nationalite/liban
Russie;6377;12;66;34;https://france-naturalisation.net/guide/nationalite/russie
Haïti;6335;13;60;40;https://france-naturalisation.net/guide/nationalite/haiti
italie;6187;14;52;48;https://france-naturalisation.net/guide/nationalite/italie
République démocratique du Congo;6187;15;56;44;https://france-naturalisation.net/guide/nationalite/rd-congo
madagascar;6107;16;58;42;https://france-naturalisation.net/guide/nationalite/madagascar
Turquie;6061;17;49;51;https://france-naturalisation.net/guide/nationalite/turquie
syrie;4938;18;43;57;https://france-naturalisation.net/guide/nationalite/syrie
congo-brazzaville;4826;19;55;45;https://france-naturalisation.net/guide/nationalite/congo-brazzaville
colombie;4184;20;57;43;https://france-naturalisation.net/guide/nationalite/colombie
comores;4162;21;51;49;https://france-naturalisation.net/guide/nationalite/comores
Portugal;3606;22;53;47;https://france-naturalisation.net/guide/nationalite/portugal
benin;3599;23;44;56;https://france-naturalisation.net/guide/nationalite/benin
espagne;3296;24;52;48;https://france-naturalisation.net/guide/nationalite/espagne
pologne;3222;25;73;27;https://france-naturalisation.net/guide/nationalite/pologne
vietnam;3183;26;53;47;https://france-naturalisation.net/guide/nationalite/vietnam
togo;3144;27;45;55;https://france-naturalisation.net/guide/nationalite/togo
armenie;3000;28;55;45;https://france-naturalisation.net/guide/nationalite/armenie
bangladesh;2766;29;21;79;https://france-naturalisation.net/guide/nationalite/bangladesh
gabon;2724;30;58;42;https://france-naturalisation.net/guide/nationalite/gabon
ukraine;2663;31;58;42;https://france-naturalisation.net/guide/nationalite/ukraine
bresil;2564;32;56;44;https://france-naturalisation.net/guide/nationalite/bresil
sri-lanka;2561;33;46;54;https://france-naturalisation.net/guide/nationalite/sri-lanka
belgique;2185;34;52;48;https://france-naturalisation.net/guide/nationalite/belgique
mauritanie;2115;35;29;71;https://france-naturalisation.net/guide/nationalite/mauritanie
iran;2091;36;52;48;https://france-naturalisation.net/guide/nationalite/iran
centrafrique;2084;37;52;48;https://france-naturalisation.net/guide/nationalite/centrafrique
egypte;2079;38;36;64;https://france-naturalisation.net/guide/nationalite/egypte
albanie;2049;39;53;47;https://france-naturalisation.net/guide/nationalite/albanie
allemagne;2040;40;59;41;https://france-naturalisation.net/guide/nationalite/allemagne
moldavie;2040;41;57;43;https://france-naturalisation.net/guide/nationalite/moldavie
kosovo;2011;42;44;56;https://france-naturalisation.net/guide/nationalite/kosovo
irak;1980;43;44;56;https://france-naturalisation.net/guide/nationalite/irak
Chine;1961;44;56;44;https://france-naturalisation.net/guide/nationalite/chine
bulgarie;1686;45;70;30;https://france-naturalisation.net/guide/nationalite/bulgarie
afghanistan;1565;46;24;76;https://france-naturalisation.net/guide/nationalite/afghanistan
angola;1524;47;50;50;https://france-naturalisation.net/guide/nationalite/angola
